{
    "created_at": "2026-06-09T19:44:19.793663",
    "metrics": {
        "accuracy": 0.8268156424581006,
        "precision_weighted": 0.8260480728604291,
        "recall_weighted": 0.8268156424581006,
        "f1_weighted": 0.8241775137253613
    }
}